{"name":"60b48d7f-4bd0-47bb-b2ec-a44d808cd1f3","id":"/providers/Microsoft.Flow/flows/60b48d7f-4bd0-47bb-b2ec-a44d808cd1f3","type":"Microsoft.Flow/flows","properties":{"apiId":"/providers/Microsoft.PowerApps/apis/shared_logicflows","displayName":"CSVテーブルの作成","definition":{"metadata":{"workflowEntityId":null,"processAdvisorMetadata":null,"flowChargedByPaygo":null,"flowclientsuspensionreason":"None","flowclientsuspensiontime":null,"flowclientsuspensionreasondetails":null,"creator":{"id":"dbcac1d6-1cee-48cd-9dc2-2accbd63df8b","type":"User","tenantId":"e9f1477c-aa3c-4064-a70a-3309ddf612ac"},"provisioningMethod":"FromDefinition","failureAlertSubscription":true,"clientLastModifiedTime":"2023-12-17T08:32:58.5295624Z","connectionKeySavedTimeKey":"2023-12-17T08:32:58.5295624Z"},"$schema":"https://schema.management.azure.com/providers/Microsoft.Logic/schemas/2016-06-01/workflowdefinition.json#","contentVersion":"1.0.0.0","parameters":{"$authentication":{"defaultValue":{},"type":"SecureObject"}},"triggers":{"manual":{"metadata":{"operationMetadataId":"e2615d27-e64b-49d2-b0ae-8761a58863ce"},"type":"Request","kind":"Button","inputs":{"schema":{"type":"object","properties":{},"required":[]}}}},"actions":{"変数を初期化する":{"runAfter":{},"metadata":{"operationMetadataId":"b402a041-e980-4663-8cc0-b8585616530a"},"type":"InitializeVariable","inputs":{"variables":[{"name":"MyJson","type":"object","value":{"items":[{"k":"Key001","v":"Value001"},{"k":"Key002","v":"Value002"},{"k":"Key003","v":"Value003"},{"k":"Key004","v":"Value004"},{"k":"Key005","v":"Value005"}]}}]}},"CSV_テーブルの作成":{"runAfter":{"JSON_の解析":["Succeeded"]},"metadata":{"operationMetadataId":"f538919b-060a-41a0-9f40-7c5295cea03d"},"type":"Table","inputs":{"from":"@body('JSON_の解析')","format":"CSV","columns":[{"header":"k","value":"@item()['k']"},{"header":"v","value":"@item()['v']"}]},"description":"body('JSON_の解析')    item()['k']    item()['v']"},"JSON_の解析":{"runAfter":{"変数を初期化する":["Succeeded"]},"metadata":{"operationMetadataId":"33f6111e-b71e-4ab5-91ec-d14504edb286"},"type":"ParseJson","inputs":{"content":"@variables('MyJson')['items']","schema":{"type":"array","items":{"type":"object","properties":{"k":{"type":"string"},"v":{"type":"string"}},"required":["k","v"]}}},"description":"variables('MyJson')['items']"}}},"connectionReferences":{},"flowFailureAlertSubscribed":false,"isManaged":false}}