{
  "properties": {
    "connectionReferences": {
      "shared_commondataserviceforapps-1": {
        "api": {
          "name": "shared_commondataserviceforapps"
        },
        "connection": {
          "connectionReferenceLogicalName": "ya_sharedcommondataserviceforapps_cd585"
        },
        "runtimeSource": "embedded"
      }
    },
    "definition": {
      "$schema": "https://schema.management.azure.com/providers/Microsoft.Logic/schemas/2016-06-01/workflowdefinition.json#",
      "contentVersion": "1.0.0.0",
      "parameters": {
        "$authentication": {
          "defaultValue": {},
          "type": "SecureObject"
        },
        "$connections": {
          "defaultValue": {},
          "type": "Object"
        }
      },
      "triggers": {
        "manual": {
          "type": "Request",
          "kind": "Button",
          "inputs": {
            "schema": {
              "type": "object",
              "properties": {},
              "required": []
            }
          },
          "metadata": {
            "operationMetadataId": "80e63876-5253-43e1-9d59-d244f4b3e2b4"
          }
        }
      },
      "actions": {
        "行を一覧にする": {
          "type": "OpenApiConnection",
          "inputs": {
            "parameters": {
              "entityName": "ya_members",
              "$filter": "createdon ne null"
            },
            "host": {
              "apiId": "/providers/Microsoft.PowerApps/apis/shared_commondataserviceforapps",
              "operationId": "ListRecords",
              "connectionName": "shared_commondataserviceforapps-1"
            }
          },
          "runAfter": {},
          "runtimeConfiguration": {
            "paginationPolicy": {
              "minimumItemCount": 100000
            }
          },
          "metadata": {
            "operationMetadataId": "28f02d65-1184-4eef-97e4-fca036df8479"
          }
        },
        "CSV_テーブルの作成_auto": {
          "type": "Table",
          "inputs": {
            "from": "@outputs('行を一覧にする')?['body/value']",
            "format": "CSV"
          },
          "runAfter": {
            "件数": [
              "Succeeded"
            ]
          },
          "metadata": {
            "operationMetadataId": "c53ba197-a46e-468e-955b-98f131eced86"
          }
        },
        "CSV_テーブルの作成_manual": {
          "type": "Table",
          "inputs": {
            "from": "@outputs('行を一覧にする')?['body/value']",
            "format": "CSV",
            "columns": [
              {
                "header": "@{'@odata.id'}",
                "value": "@item()?['@odata.id']"
              },
              {
                "header": "顧客名",
                "value": "@item()?['ya_column']"
              },
              {
                "header": "性別",
                "value": "@item()?['ya_sex']"
              },
              {
                "header": "メール",
                "value": "@item()?['ya_column1']"
              }
            ]
          },
          "runAfter": {
            "件数": [
              "Succeeded"
            ]
          },
          "metadata": {
            "operationMetadataId": "c53ba197-a46e-468e-955b-98f131eced86"
          }
        },
        "rowCount_auto": {
          "type": "Compose",
          "description": "sub(length(split(trim(body('CSV_テーブルの作成_auto')), decodeUriComponent('%0D%0A'))), 1)",
          "inputs": "@sub(length(split(trim(body('CSV_テーブルの作成_auto')), decodeUriComponent('%0D%0A'))), 1)",
          "runAfter": {
            "CSV_テーブルの作成_auto": [
              "Succeeded"
            ]
          }
        },
        "rowCount_manual": {
          "type": "Compose",
          "description": "sub(length(split(trim(body('CSV_テーブルの作成_manual')), decodeUriComponent('%0D%0A'))), 1)",
          "inputs": "@sub(length(split(trim(body('CSV_テーブルの作成_manual')), decodeUriComponent('%0D%0A'))), 1)",
          "runAfter": {
            "CSV_テーブルの作成_manual": [
              "Succeeded"
            ]
          }
        },
        "件数": {
          "type": "Compose",
          "description": "length(outputs('行を一覧にする')?['body/value'])",
          "inputs": "@length(outputs('行を一覧にする')?['body/value'])",
          "runAfter": {
            "行を一覧にする": [
              "Succeeded"
            ]
          }
        },
        "CSV_auto": {
          "type": "Compose",
          "description": "body('CSV_テーブルの作成_auto')",
          "inputs": "@body('CSV_テーブルの作成_auto')",
          "runAfter": {
            "rowCount_auto": [
              "Succeeded"
            ]
          }
        },
        "CSV_manual": {
          "type": "Compose",
          "description": "body('CSV_テーブルの作成_manual')",
          "inputs": "@body('CSV_テーブルの作成_manual')",
          "runAfter": {
            "rowCount_manual": [
              "Succeeded"
            ]
          }
        }
      }
    },
    "templateName": null
  },
  "schemaVersion": "1.0.0.0"
}